{
    "ATTACK": {
        "precision": 0.7163045536042407,
        "recall": 0.9335829777352027,
        "f1-score": 0.8106367560414632,
        "support": 68898.0
    },
    "BENIGN": {
        "precision": 0.29087246242057957,
        "recall": 0.06862386662766891,
        "f1-score": 0.11104866144061529,
        "support": 27352.0
    },
    "accuracy": 0.6877818181818182,
    "macro avg": {
        "precision": 0.5035885080124102,
        "recall": 0.5011034221814358,
        "f1-score": 0.4608427087410393,
        "support": 96250.0
    },
    "weighted avg": {
        "precision": 0.5954066984556121,
        "recall": 0.6877818181818182,
        "f1-score": 0.6118301735633085,
        "support": 96250.0
    }
}