{
    "BENIGN": {
        "precision": 0.9745466092215318,
        "recall": 0.9818520241973011,
        "f1-score": 0.9781856770842764,
        "support": 275072
    },
    "ATTACK": {
        "precision": 0.953719927687387,
        "recall": 0.9358301418213906,
        "f1-score": 0.9446903467528651,
        "support": 109927
    },
    "accuracy": 0.9687116070431352,
    "macro avg": {
        "precision": 0.9641332684544595,
        "recall": 0.9588410830093459,
        "f1-score": 0.9614380119185708,
        "support": 384999
    },
    "weighted avg": {
        "precision": 0.9686000622928282,
        "recall": 0.9687116070431352,
        "f1-score": 0.9686219089255511,
        "support": 384999
    }
}